gender,avrg_year_gender
Male,9.9978757302177377
Female,9.8645016797312430
Non-Conforming,10.0208333333333333
